timestamp,Humidity,Solar_Radiation,Rainfall,Air_Temp,S1_25,S1_50,S1_80,S1_110,S2_25,S2_60,S2_100,S2_140,S3_25,S3_60,S3_110,S3_170,S4_25,S4_60,S4_120,S4_190,hour,dayofweek,hour_sin,hour_cos
2019-01-08 00:00:00,92.57792,-3.094198,0.0,29.188204,29.7,30.4,30.9,32.8,30.0,30.7,32.8,31.5,30.5,31.2,32.1,32.1,30.5,31.1,31.7,32.8,0,1,0.0,1.0
2019-01-08 01:00:00,93.6348,-2.770865,0.0,29.34167,29.4,30.0,30.5,32.4,29.6,30.2,32.4,31.0,30.1,30.7,31.6,31.7,30.0,30.5,31.1,32.2,1,1,0.25881904510252074,0.9659258262890683
2019-01-08 02:00:00,89.03124,-0.66723,0.0,29.526662,29.3,29.8,30.3,32.1,29.4,30.0,32.0,30.7,29.9,30.5,31.3,31.5,29.7,30.2,30.7,31.9,2,1,0.49999999999999994,0.8660254037844387
2019-01-08 03:00:00,89.173376,-0.970437,0.0,29.285208,29.3,29.7,30.2,31.8,29.2,29.8,31.7,30.4,29.7,30.3,31.1,31.3,29.6,29.9,30.4,31.4,3,1,0.7071067811865475,0.7071067811865476
2019-01-08 04:00:00,89.913368,-0.687357,0.0,29.302112,29.1,29.6,30.1,31.6,29.0,29.6,31.5,30.2,29.5,30.1,30.9,31.1,29.3,29.6,30.2,31.2,4,1,0.8660254037844386,0.5000000000000001
2019-01-08 05:00:00,92.162896,-0.859305,0.0,28.539956,28.9,29.4,29.9,31.4,28.8,29.4,31.2,30.0,29.2,29.9,30.6,30.9,29.0,29.4,29.9,30.9,5,1,0.9659258262890683,0.25881904510252074
2019-01-08 06:00:00,102.37514,4.773431,0.0,28.0404,28.5,29.1,29.7,31.1,28.5,29.2,31.0,29.8,28.9,29.6,30.4,30.6,28.7,29.0,29.6,30.6,6,1,1.0,6.123233995736766e-17
2019-01-08 07:00:00,99.097432,30.091426,0.0,28.453696,28.0,28.6,29.3,30.8,28.0,28.6,30.7,29.3,28.4,29.1,30.2,30.4,28.0,28.5,29.2,30.3,7,1,0.9659258262890683,-0.25881904510252063
2019-01-08 08:00:00,102.53256,104.92054,0.0,28.51701,28.1,28.6,29.0,30.5,28.2,28.6,30.4,29.2,28.4,29.0,29.9,30.3,28.0,28.4,28.9,29.9,8,1,0.8660254037844387,-0.4999999999999998
2019-01-08 09:00:00,91.257752,174.2989,0.0,29.830918,28.8,28.8,29.1,30.4,29.0,29.0,30.3,29.2,28.9,29.3,29.8,30.2,28.7,28.6,28.8,29.6,9,1,0.7071067811865476,-0.7071067811865475
2019-01-08 10:00:00,83.068976,356.83252,0.0,31.25593,30.7,30.0,29.8,30.6,31.1,30.3,30.4,29.7,30.7,30.4,30.2,30.3,30.6,29.6,29.0,29.5,10,1,0.49999999999999994,-0.8660254037844387
2019-01-08 11:00:00,78.898944,1163.756,0.0,33.04108,33.8,32.2,31.2,31.5,34.6,32.9,31.2,31.1,34.0,32.8,31.2,30.8,33.9,31.9,29.9,29.9,11,1,0.258819045102521,-0.9659258262890682
2019-01-08 12:00:00,65.827592,972.96824,0.0,34.90182,42.5,37.7,34.6,33.4,44.8,39.3,33.0,34.1,41.4,37.8,33.3,31.8,42.7,37.0,31.9,30.7,12,1,1.2246467991473532e-16,-1.0
2019-01-08 13:00:00,66.550636,485.56116,0.0,34.535132,50.1,44.2,39.6,36.6,52.1,46.1,36.1,39.1,48.0,43.8,36.9,33.8,49.9,43.1,35.4,32.7,13,1,-0.2588190451025208,-0.9659258262890683
2019-01-08 14:00:00,63.135524,287.6366,0.0,34.748664,52.8,47.4,42.9,39.1,54.0,49.0,38.7,42.4,50.7,47.0,39.8,35.8,52.5,46.4,38.8,35.0,14,1,-0.4999999999999997,-0.8660254037844388
2019-01-08 15:00:00,56.323912,683.32624,0.0,35.919864,53.9,48.7,44.5,40.8,54.4,50.0,40.3,44.1,51.8,48.4,41.7,37.4,53.5,48.0,40.9,37.0,15,1,-0.7071067811865471,-0.7071067811865479
2019-01-08 16:00:00,59.716504,180.5083,0.0,35.515832,54.0,49.7,45.8,42.2,53.5,50.3,41.7,45.3,52.1,49.3,43.0,38.5,53.8,49.3,42.4,38.6,16,1,-0.8660254037844384,-0.5000000000000004
2019-01-08 17:00:00,59.303772,308.4625,0.0,35.7514,48.2,46.4,44.5,42.3,47.7,46.9,41.9,44.4,47.7,46.9,43.0,39.2,48.5,46.9,42.8,39.8,17,1,-0.9659258262890683,-0.25881904510252063
2019-01-08 18:00:00,65.039236,82.071944,0.0,34.722112,44.8,44.0,43.0,41.7,44.5,44.3,41.4,42.9,44.8,44.5,42.1,39.0,45.6,44.7,42.0,40.1,18,1,-1.0,-1.8369701987210297e-16
2019-01-08 19:00:00,74.24364,10.886134,0.0,32.999904,41.2,41.4,41.1,40.9,41.0,41.6,40.6,41.2,41.2,41.7,40.7,38.6,42.1,42.2,40.7,39.8,19,1,-0.9659258262890684,0.2588190451025203
2019-01-08 20:00:00,85.277192,-2.719237,0.0,31.100936,37.5,38.3,38.8,39.7,37.5,38.6,39.5,39.2,38.3,39.2,39.2,38.0,38.5,39.4,39.2,39.3,20,1,-0.8660254037844386,0.5000000000000001
2019-01-08 21:00:00,88.717608,-1.414528,0.0,30.260354,35.3,36.3,37.1,38.5,35.3,36.5,38.3,37.4,36.2,37.2,37.8,36.9,36.2,37.2,37.7,38.4,21,1,-0.7071067811865477,0.7071067811865474
2019-01-08 22:00:00,89.447872,-1.344086,0.0,29.82742,33.9,34.9,35.6,37.4,33.8,35.0,37.2,35.9,34.7,35.6,36.6,36.1,34.6,35.6,36.4,37.4,22,1,-0.5000000000000004,0.8660254037844384
2019-01-08 23:00:00,90.643112,-2.264207,0.0,29.53791,32.9,33.9,34.7,36.6,32.7,33.8,36.3,34.8,33.5,34.5,35.6,35.5,33.4,34.3,35.3,36.6,23,1,-0.25881904510252157,0.9659258262890681
2019-02-08 00:00:00,91.6,-1.384776,0.0,29.401244,32.2,33.1,33.9,35.8,31.8,32.9,35.4,33.9,32.7,33.5,34.7,34.8,32.5,33.3,34.3,35.7,0,4,0.0,1.0
2019-02-08 01:00:00,96.136176,-3.236395,0.0,29.163228,31.6,32.5,33.2,35.1,31.3,32.3,34.8,33.2,32.1,33.0,34.1,34.2,31.9,32.7,33.5,34.8,1,4,0.25881904510252074,0.9659258262890683
2019-02-08 02:00:00,98.520984,-0.798051,0.0,29.035922,31.3,32.0,32.8,34.5,30.9,31.7,34.2,32.6,31.6,32.4,33.5,33.8,31.4,32.0,33.0,34.3,2,4,0.49999999999999994,0.8660254037844387
2019-02-08 03:00:00,102.53104,-2.830369,0.0,28.494976,30.7,31.5,32.2,34.0,30.4,31.2,33.8,32.2,31.1,31.9,33.1,33.4,30.9,31.6,32.3,33.7,3,4,0.7071067811865475,0.7071067811865476
2019-02-08 04:00:00,101.63484,-2.96294,0.0,28.894826,30.4,31.1,31.8,33.6,29.9,30.9,33.3,31.8,30.8,31.6,32.7,33.0,30.5,31.1,31.9,33.2,4,4,0.8660254037844386,0.5000000000000001
2019-02-08 05:00:00,106.06464,-2.517536,0.0,28.123906,30.0,30.7,31.4,33.2,29.6,30.4,32.9,31.3,30.4,31.1,32.3,32.6,30.1,30.6,31.5,32.7,5,4,0.9659258262890683,0.25881904510252074
2019-02-08 06:00:00,104.28488,8.03389,0.0,28.366064,29.9,30.5,31.1,32.8,29.5,30.1,32.5,30.9,30.2,30.9,31.9,32.4,29.9,30.3,31.1,32.4,6,4,1.0,6.123233995736766e-17
2019-02-08 07:00:00,96.8808,53.054212,0.0,28.587222,30.0,30.5,31.0,32.6,29.6,30.1,32.3,30.8,30.2,30.8,31.7,32.1,29.8,30.2,30.8,32.0,7,4,0.9659258262890683,-0.25881904510252063
2019-02-08 08:00:00,94.677488,168.80618,0.0,29.86035,30.9,30.9,31.0,32.5,30.9,30.7,32.0,30.7,31.0,31.2,31.6,31.9,30.7,30.5,30.5,31.4,8,4,0.8660254037844387,-0.4999999999999998
2019-02-08 09:00:00,96.61652,184.98072,0.0,29.82899,32.5,32.1,31.8,32.7,32.5,32.0,32.2,31.3,32.5,32.2,31.9,31.9,32.2,31.4,30.9,31.5,9,4,0.7071067811865476,-0.7071067811865475
2019-02-08 10:00:00,95.697296,183.22186,0.0,30.337926,33.2,32.8,32.4,33.0,33.2,32.8,32.7,32.1,33.2,33.0,32.5,32.2,33.1,32.2,31.4,31.7,10,4,0.49999999999999994,-0.8660254037844387
2019-02-08 11:00:00,83.393984,268.0581,0.0,32.011058,34.6,33.2,32.6,33.1,35.1,33.4,32.7,32.2,34.5,33.5,32.8,32.5,34.5,32.7,31.6,31.7,11,4,0.258819045102521,-0.9659258262890682
2019-02-08 12:00:00,99.107144,165.69012,0.0,29.267944,35.7,34.8,34.0,34.2,36.2,35.3,33.8,33.9,36.1,35.4,33.9,33.0,35.8,34.5,32.6,32.3,12,4,1.2246467991473532e-16,-1.0
2019-02-08 13:00:00,111.26332,44.618668,0.0,26.170776,29.4,32.3,33.4,34.4,29.1,32.5,34.4,34.0,31.2,33.5,31.2,29.0,30.5,33.2,33.2,33.3,13,4,-0.2588190451025208,-0.9659258262890683
2019-02-08 14:00:00,111.5674,195.46958,0.0,27.063362,26.9,27.2,27.7,31.6,27.5,28.4,32.2,30.0,26.7,27.2,26.7,26.2,26.3,26.7,27.7,32.1,14,4,-0.4999999999999997,-0.8660254037844388
2019-02-08 15:00:00,109.49556,263.7349,0.0,27.455236,28.5,28.7,29.0,30.7,28.8,29.3,31.1,30.0,27.4,27.2,26.7,26.9,28.2,28.0,28.1,30.7,15,4,-0.7071067811865471,-0.7071067811865479
2019-02-08 16:00:00,104.0136,260.58294,0.0,28.547736,30.1,29.7,29.7,30.9,30.3,30.2,31.1,30.3,28.7,28.2,27.5,27.3,29.7,29.1,28.7,30.3,16,4,-0.8660254037844384,-0.5000000000000004
2019-02-08 17:00:00,101.80764,173.16352,0.0,29.111474,30.5,30.5,30.4,31.2,30.6,30.8,31.4,30.8,29.3,29.0,28.2,27.8,30.1,29.8,29.3,30.4,17,4,-0.9659258262890683,-0.25881904510252063
2019-02-08 18:00:00,100.73832,116.84624,0.0,29.554652,30.3,30.3,30.4,31.3,30.2,30.4,31.2,30.6,29.1,29.0,28.5,28.2,30.0,29.7,29.6,30.5,18,4,-1.0,-1.8369701987210297e-16
2019-02-08 19:00:00,104.45538,13.677126,0.0,29.332418,29.3,29.8,30.2,31.2,29.3,29.8,31.1,30.4,28.4,28.7,28.6,28.4,29.2,29.3,29.5,30.5,19,4,-0.9659258262890684,0.2588190451025203
2019-02-08 20:00:00,108.88416,-2.821181,0.0,28.612,28.2,29.0,29.6,30.8,28.2,29.0,30.8,29.8,27.5,28.0,28.5,28.3,28.0,28.6,29.2,30.4,20,4,-0.8660254037844386,0.5000000000000001
2019-02-08 21:00:00,110.53738,-3.023756,0.0,28.292162,27.6,28.3,29.0,30.4,27.6,28.2,30.4,29.3,26.9,27.5,28.2,28.3,27.5,28.0,28.8,30.1,21,4,-0.7071067811865477,0.7071067811865474
2019-02-08 22:00:00,110.67806,-2.780928,0.0,28.011964,27.3,28.0,28.7,29.9,27.1,27.8,29.8,28.8,26.6,27.2,28.0,28.0,27.1,27.7,28.3,29.7,22,4,-0.5000000000000004,0.8660254037844384
2019-02-08 23:00:00,108.72248,-3.773679,0.0,28.086416,27.1,27.8,28.5,29.7,26.9,27.7,29.7,28.5,26.4,26.9,27.7,28.0,26.9,27.4,28.2,29.6,23,4,-0.25881904510252157,0.9659258262890681
2019-03-08 00:00:00,108.43458,-2.973441,0.0,28.086416,27.0,27.7,28.3,29.6,26.9,27.6,29.6,28.4,26.4,26.9,27.7,28.0,26.8,27.2,28.0,29.2,0,4,0.0,1.0
2019-03-08 01:00:00,110.68248,-2.527599,0.0,27.749276,26.9,27.6,28.1,29.4,26.8,27.5,29.3,28.2,26.4,26.9,27.7,27.8,26.7,27.1,27.7,29.0,1,4,0.25881904510252074,0.9659258262890683
2019-03-08 02:00:00,110.53006,-2.446657,0.0,27.83006,26.9,27.5,28.1,29.2,26.7,27.3,29.1,28.0,26.3,26.8,27.5,27.8,26.7,26.9,27.7,28.8,2,4,0.49999999999999994,0.8660254037844387
2019-03-08 03:00:00,110.3906,-1.910685,0.0,27.849016,27.0,27.5,28.0,29.2,26.9,27.3,28.9,28.0,26.4,26.9,27.5,27.7,26.7,27.0,27.5,28.6,3,4,0.7071067811865475,0.7071067811865476
2019-03-08 04:00:00,110.6803,-1.810053,0.0,27.748394,26.8,27.3,27.9,29.0,26.7,27.2,28.9,27.8,26.4,26.8,27.5,27.7,26.7,26.9,27.5,28.5,4,4,0.8660254037844386,0.5000000000000001
2019-03-08 05:00:00,110.07476,-2.679859,0.0,27.601698,26.8,27.3,27.8,28.9,26.7,27.2,28.8,27.7,26.4,26.8,27.5,27.7,26.5,26.8,27.3,28.3,5,4,0.9659258262890683,0.25881904510252074
2019-03-08 06:00:00,109.1836,2.545101,0.0,27.002556,26.7,27.2,27.7,28.9,26.4,26.9,28.6,27.6,26.3,26.8,27.5,27.7,26.4,26.8,27.2,28.2,6,4,1.0,6.123233995736766e-17
2019-03-08 07:00:00,110.81432,4.138578,0.0,25.750996,26.3,26.8,27.5,28.7,26.2,26.7,28.5,27.5,25.9,26.5,27.3,27.5,26.1,26.3,27.1,28.1,7,4,0.9659258262890683,-0.25881904510252063
2019-03-08 08:00:00,111.26418,9.31541,0.0,25.473814,25.4,26.2,27.0,28.3,25.1,26.0,28.3,27.2,25.3,26.0,27.1,27.0,25.1,25.8,26.8,28.0,8,4,0.8660254037844387,-0.4999999999999998
2019-03-08 09:00:00,111.42018,37.087064,0.0,25.656868,25.6,26.2,26.8,28.0,25.3,25.9,28.0,26.9,25.4,25.9,26.8,26.8,25.1,25.5,26.4,27.6,9,4,0.7071067811865476,-0.7071067811865475
2019-03-08 10:00:00,111.5723,78.157376,0.0,25.846562,25.7,26.2,26.7,27.8,25.5,26.1,27.9,26.9,25.5,26.0,26.8,26.7,25.1,25.4,26.1,27.3,10,4,0.49999999999999994,-0.8660254037844387
2019-03-08 11:00:00,111.57866,291.66668,0.0,26.717892,26.7,26.7,27.0,27.9,26.5,26.6,27.9,26.9,26.4,26.5,26.9,26.7,26.1,25.9,26.2,27.0,11,4,0.258819045102521,-0.9659258262890682
2019-03-08 12:00:00,107.14936,462.37304,0.0,28.043962,29.0,28.4,28.1,28.4,29.0,28.4,28.3,27.9,28.5,28.0,27.5,27.2,28.1,27.3,26.7,27.1,12,4,1.2246467991473532e-16,-1.0
2019-03-08 13:00:00,97.504912,233.21162,0.0,29.015948,32.4,30.9,29.8,29.3,32.5,31.1,29.0,29.2,31.5,30.4,28.5,27.9,31.4,29.4,27.6,27.4,13,4,-0.2588190451025208,-0.9659258262890683
2019-03-08 14:00:00,103.12994,439.60016,0.0,29.160742,30.8,30.4,30.1,30.0,30.9,30.6,29.8,29.9,30.4,30.1,29.2,28.5,30.0,29.4,28.5,28.1,14,4,-0.4999999999999997,-0.8660254037844388
2019-03-08 15:00:00,101.49368,262.6975,0.0,29.130404,31.1,30.9,30.5,30.3,31.1,31.0,30.1,30.3,31.1,30.7,29.6,29.0,30.7,29.9,28.8,28.5,15,4,-0.7071067811865471,-0.7071067811865479
2019-03-08 16:00:00,90.875824,504.30068,0.0,31.077124,31.3,30.8,30.3,30.5,31.4,30.9,30.1,30.2,31.0,30.6,29.8,29.3,31.0,30.0,29.0,28.7,16,4,-0.8660254037844384,-0.5000000000000004
2019-03-08 17:00:00,87.5446,250.16888,0.0,31.532952,33.6,32.5,31.7,31.2,33.0,32.2,30.7,31.1,32.5,32.0,30.5,29.6,32.6,31.3,29.7,29.1,17,4,-0.9659258262890683,-0.25881904510252063
2019-03-08 18:00:00,91.716896,117.50122,0.0,30.759316,32.3,31.9,31.5,31.6,31.7,31.7,31.0,31.2,31.8,31.8,30.9,30.0,31.5,31.0,30.0,29.8,18,4,-1.0,-1.8369701987210297e-16
2019-03-08 19:00:00,99.109032,14.956896,0.0,29.865286,31.2,31.1,31.1,31.4,30.6,30.8,30.8,30.7,30.5,30.9,30.6,30.1,30.6,30.4,29.9,30.1,19,4,-0.9659258262890684,0.2588190451025203
2019-03-08 20:00:00,106.36476,-2.30446,0.0,28.635764,28.8,29.6,30.0,31.1,28.7,29.4,30.5,30.1,29.0,29.7,30.1,30.0,28.8,29.2,29.6,30.2,20,4,-0.8660254037844386,0.5000000000000001
2019-03-08 21:00:00,108.58948,-2.790991,0.0,28.43954,27.9,28.6,29.2,30.5,27.7,28.5,30.0,29.2,28.2,28.8,29.5,29.7,27.9,28.3,28.8,30.0,21,4,-0.7071067811865477,0.7071067811865474
2019-03-08 22:00:00,110.5189,-3.084135,0.0,27.86637,27.4,28.0,28.6,30.1,27.3,28.0,29.6,28.7,27.6,28.3,29.1,29.2,27.3,27.7,28.5,29.5,22,4,-0.5000000000000004,0.8660254037844384
2019-03-08 23:00:00,110.82856,-2.466783,0.0,28.196988,27.1,27.7,28.3,29.7,27.0,27.5,29.3,28.3,27.2,27.9,28.7,29.0,27.0,27.4,28.0,29.0,23,4,-0.25881904510252157,0.9659258262890681
2019-04-08 00:00:00,111.26044,-2.679422,0.0,27.778362,26.9,27.5,28.0,29.5,26.8,27.4,29.0,28.0,26.9,27.5,28.3,28.7,26.7,27.2,27.8,28.8,0,0,0.0,1.0
2019-04-08 01:00:00,111.271,-2.527599,0.0,27.88418,26.9,27.4,27.9,29.3,26.7,27.2,28.8,27.8,26.9,27.4,28.2,28.5,26.7,27.0,27.5,28.5,1,0,0.25881904510252074,0.9659258262890683
2019-04-08 02:00:00,111.12758,-2.5381,0.0,27.92647,26.9,27.4,27.9,29.1,26.7,27.2,28.7,27.7,26.9,27.4,28.0,28.4,26.6,26.9,27.5,28.4,2,0,0.49999999999999994,0.8660254037844387
2019-04-08 03:00:00,111.56512,-2.264645,0.0,27.685288,26.8,27.2,27.8,29.0,26.7,27.1,28.6,27.7,26.8,27.3,28.0,28.3,26.5,26.8,27.4,28.2,3,0,0.7071067811865475,0.7071067811865476
2019-04-08 04:00:00,111.56064,-2.5381,0.0,27.611892,26.7,27.1,27.6,28.9,26.6,26.9,28.5,27.5,26.7,27.1,27.9,28.3,26.4,26.7,27.1,27.9,4,0,0.8660254037844386,0.5000000000000001
2019-04-08 05:00:00,111.70386,-2.10276,0.0,27.57516,26.6,27.1,27.5,28.7,26.4,26.8,28.3,27.3,26.6,27.0,27.7,28.0,26.3,26.5,27.0,27.8,5,0,0.9659258262890683,0.25881904510252074
2019-04-08 06:00:00,111.27856,50.564676,0.0,27.771302,26.6,27.0,27.4,28.6,26.4,26.8,28.2,27.4,26.6,27.0,27.7,28.0,26.3,26.5,26.9,27.6,6,0,1.0,6.123233995736766e-17
2019-04-08 07:00:00,108.76578,162.3999,0.0,28.16355,27.1,27.2,27.5,28.6,27.1,27.2,28.2,27.3,26.9,27.1,27.5,27.7,26.7,26.7,26.9,27.5,7,0,0.9659258262890683,-0.25881904510252063
2019-04-08 08:00:00,108.87884,86.559672,0.0,28.305434,27.8,27.9,28.0,28.7,27.9,27.9,28.3,27.6,27.6,27.8,27.8,27.9,27.3,27.0,27.0,27.4,8,0,0.8660254037844387,-0.4999999999999998
2019-04-08 09:00:00,102.68774,255.00402,0.0,29.09856,28.3,28.0,28.0,28.8,28.5,28.2,28.4,27.9,28.2,28.1,28.0,27.9,27.8,27.3,27.1,27.4,9,0,0.7071067811865476,-0.7071067811865475
2019-04-08 10:00:00,91.874976,716.20928,0.0,31.223218,30.6,29.3,28.8,29.3,32.7,30.1,28.7,28.6,30.9,29.7,28.7,28.4,30.2,28.5,27.5,27.5,10,0,0.49999999999999994,-0.8660254037844387
2019-04-08 11:00:00,81.894024,866.25928,0.0,33.019412,35.9,33.2,31.4,31.3,38.5,35.3,30.6,31.6,36.3,34.0,30.5,29.6,34.2,31.3,28.7,28.3,11,0,0.258819045102521,-0.9659258262890682
2019-04-08 12:00:00,80.848896,983.68152,0.0,33.510822,40.3,37.2,34.8,34.2,42.6,39.8,33.1,34.9,40.9,38.1,33.0,31.2,38.2,34.8,30.8,29.9,12,0,1.2246467991473532e-16,-1.0
2019-04-08 13:00:00,76.675512,384.97192,0.0,34.489356,44.8,39.9,37.0,36.4,47.7,42.9,35.2,37.4,44.7,41.1,35.2,32.8,42.6,37.9,32.8,31.7,13,0,-0.2588190451025208,-0.9659258262890683
2019-04-08 14:00:00,71.153752,836.34528,0.0,34.586444,47.7,42.7,39.4,38.5,49.7,45.5,37.1,39.8,47.3,43.7,37.3,34.3,45.7,40.8,34.9,33.5,14,0,-0.4999999999999997,-0.8660254037844388
2019-04-08 15:00:00,71.328192,700.08264,0.0,35.396084,49.8,45.1,41.7,40.4,50.6,47.1,38.8,42.0,48.8,45.7,39.2,35.6,47.7,43.2,37.0,35.1,15,0,-0.7071067811865471,-0.7071067811865479
2019-04-08 16:00:00,71.626856,190.29888,0.0,34.701476,49.2,45.6,42.5,41.2,48.3,46.5,39.7,42.4,48.2,45.8,40.2,36.8,47.2,43.7,38.4,36.5,16,0,-0.8660254037844384,-0.5000000000000004
2019-04-08 17:00:00,69.958744,199.53552,0.0,34.23056,43.3,42.5,41.3,41.2,43.3,43.2,39.9,41.7,44.2,43.6,40.1,37.3,43.0,41.9,38.8,37.5,17,0,-0.9659258262890683,-0.25881904510252063
2019-04-08 18:00:00,72.763752,136.60368,0.0,34.512736,41.3,40.3,39.5,40.2,41.1,40.9,39.0,39.8,41.6,41.2,39.1,36.9,40.9,40.0,37.8,37.5,18,0,-1.0,-1.8369701987210297e-16
2019-04-08 19:00:00,83.058128,8.210651,0.0,32.924698,38.8,38.8,38.4,39.5,38.8,39.2,38.4,38.9,39.1,39.2,38.0,36.6,38.8,38.5,37.0,37.2,19,0,-0.9659258262890684,0.2588190451025203
2019-04-08 20:00:00,94.36564,-1.505971,0.0,31.676906,35.3,36.0,36.4,38.2,35.5,36.4,37.4,39.3,36.2,36.9,36.8,35.9,35.7,36.3,35.9,36.7,20,0,-0.8660254037844386,0.5000000000000001
2019-04-08 21:00:00,100.73112,-2.42653,0.0,30.763144,33.5,34.3,34.8,36.9,33.6,34.5,36.2,43.3,34.4,35.1,35.5,35.1,33.8,34.5,34.7,35.9,21,0,-0.7071067811865477,0.7071067811865474
2019-04-08 22:00:00,100.73528,-2.699985,0.0,30.654552,32.4,33.2,33.8,35.9,32.3,33.2,35.1,41.8,33.1,33.9,34.5,34.3,32.7,33.2,33.6,35.0,22,0,-0.5000000000000004,0.8660254037844384
2019-04-08 23:00:00,106.83718,-2.710049,0.0,30.278376,31.8,32.4,33.0,35.0,31.6,32.4,34.4,35.8,32.4,33.0,33.7,33.7,32.0,32.3,32.7,34.1,23,0,-0.25881904510252157,0.9659258262890681
2019-05-08 00:00:00,108.30238,-2.416467,0.0,29.711894,31.1,31.7,32.3,34.3,30.9,31.7,33.8,36.3,31.6,32.2,33.0,33.2,31.2,31.6,32.2,33.5,0,2,0.0,1.0
2019-05-08 01:00:00,105.91704,-2.993129,0.0,29.27612,30.6,31.2,31.9,33.8,30.3,31.1,33.2,39.6,31.0,31.7,32.5,32.7,30.6,31.0,31.6,33.0,1,2,0.25881904510252074,0.9659258262890683
2019-05-08 02:00:00,106.81696,-2.861871,0.0,29.10016,30.0,30.7,31.2,33.2,29.8,30.5,32.7,40.1,30.5,31.1,32.0,32.2,30.0,30.5,31.1,32.5,2,2,0.49999999999999994,0.8660254037844387
2019-05-08 03:00:00,104.86482,-3.07451,0.0,28.789728,29.6,30.2,30.8,32.9,29.3,30.1,32.3,38.5,30.0,30.6,31.6,31.9,29.6,30.1,30.6,31.9,3,2,0.7071067811865475,0.7071067811865476
2019-05-08 04:00:00,107.9902,-2.740238,0.0,28.615792,29.1,29.8,30.4,32.3,29.0,29.7,31.9,35.6,29.6,30.3,31.2,31.4,29.1,29.6,30.1,31.4,4,2,0.8660254037844386,0.5000000000000001
2019-05-08 05:00:00,110.23032,-2.679422,0.0,28.256308,28.8,29.4,30.1,32.0,28.6,29.3,31.6,38.6,29.2,29.9,30.8,31.1,28.7,29.3,29.8,31.0,5,2,0.9659258262890683,0.25881904510252074
2019-05-08 06:00:00,110.08336,17.803014,0.0,28.250718,28.5,29.2,29.8,31.7,28.3,29.0,31.2,37.7,28.9,29.5,30.5,30.9,28.5,28.9,29.4,30.6,6,2,1.0,6.123233995736766e-17
2019-05-08 07:00:00,104.61112,184.2763,0.0,29.41275,28.7,29.1,29.6,31.3,28.5,28.9,30.9,38.4,29.0,29.4,30.2,30.5,28.5,28.7,29.2,30.3,7,2,0.9659258262890683,-0.25881904510252063
2019-05-08 08:00:00,95.301608,342.70868,0.0,31.47894,30.2,29.9,29.8,31.2,30.5,30.0,30.8,35.1,30.3,30.2,30.3,30.5,29.6,29.1,29.0,29.9,8,2,0.8660254037844387,-0.4999999999999998
2019-05-08 09:00:00,90.244136,563.62444,0.0,32.304508,33.3,31.9,31.2,31.9,34.8,33.0,31.4,41.3,33.2,32.2,31.0,30.8,32.5,30.7,29.7,30.0,9,2,0.7071067811865476,-0.7071067811865475
2019-05-08 10:00:00,82.932424,799.03208,0.0,33.70566,37.6,35.2,33.5,33.3,41.0,37.3,32.7,43.0,38.2,35.9,32.7,31.7,36.8,33.7,31.0,30.6,10,2,0.49999999999999994,-0.8660254037844387
2019-05-08 11:00:00,76.676432,644.54328,0.0,34.98926,41.3,37.8,35.7,35.1,44.4,40.2,34.6,44.5,41.6,38.8,34.6,33.0,39.8,36.0,32.4,31.6,11,2,0.258819045102521,-0.9659258262890682
2019-05-08 12:00:00,71.2836,391.37908,0.0,35.23462,47.3,42.2,38.9,37.4,50.1,44.8,36.6,45.6,46.4,42.7,36.9,34.4,45.1,39.8,34.5,33.0,12,2,1.2246467991473532e-16,-1.0
2019-05-08 13:00:00,73.083704,596.45332,0.0,34.683504,47.9,44.7,41.5,39.7,49.4,46.7,38.7,46.1,47.8,45.3,39.3,36.0,46.2,42.4,36.8,34.8,13,2,-0.2588190451025208,-0.9659258262890683
2019-05-08 14:00:00,67.743456,712.06912,0.0,35.662832,46.8,44.3,41.8,40.4,47.7,45.7,39.4,42.4,46.9,45.1,40.1,37.1,45.4,42.5,37.8,36.1,14,2,-0.4999999999999997,-0.8660254037844388
2019-05-08 15:00:00,69.230968,712.99216,0.0,35.701352,49.8,46.3,43.2,41.5,50.1,47.3,40.3,43.0,49.0,46.6,41.0,38.0,48.0,44.3,38.8,36.9,15,2,-0.7071067811865471,-0.7071067811865479
2019-05-08 16:00:00,66.851204,474.6492,0.0,35.616644,50.6,47.0,44.0,42.3,50.0,47.3,41.1,43.5,49.3,47.0,41.9,38.7,48.4,44.8,39.8,38.0,16,2,-0.8660254037844384,-0.5000000000000004
2019-05-08 17:00:00,70.400128,263.17922,0.0,35.550976,49.6,46.9,44.3,43.0,48.7,46.8,41.6,43.7,48.7,47.0,42.4,39.3,47.7,44.9,40.4,38.8,17,2,-0.9659258262890683,-0.25881904510252063
2019-05-08 18:00:00,86.341768,153.76704,0.0,34.124384,45.3,44.6,43.3,42.8,45.1,44.8,41.6,43.0,45.8,45.2,42.2,39.5,44.5,43.5,40.4,39.4,18,2,-1.0,-1.8369701987210297e-16
2019-05-08 19:00:00,91.417768,17.061406,0.0,31.46121,41.1,41.5,41.3,41.9,41.0,41.8,40.9,41.4,42.2,42.5,41.1,39.3,40.9,41.0,39.7,39.5,19,2,-0.9659258262890684,0.2588190451025203
2019-05-08 20:00:00,94.670728,-2.395903,0.0,29.665692,37.1,38.2,38.8,40.4,37.2,38.5,39.8,39.2,38.7,39.6,39.6,38.5,37.4,38.3,38.3,39.0,20,2,-0.8660254037844386,0.5000000000000001
2019-05-08 21:00:00,102.29032,-0.929747,0.0,28.765766,34.8,35.9,36.7,38.9,34.8,36.1,38.3,37.1,36.4,37.3,38.1,37.4,35.2,36.1,36.7,38.0,21,2,-0.7071067811865477,0.7071067811865474
2019-05-08 22:00:00,102.66104,-3.488849,0.0,28.752724,33.6,34.6,35.4,37.7,33.5,34.7,37.2,35.7,34.8,35.8,36.7,36.4,34.0,34.7,35.5,36.9,22,2,-0.5000000000000004,0.8660254037844384
2019-05-08 23:00:00,102.53644,-1.991628,0.0,29.245352,32.7,33.6,34.4,36.7,32.5,33.5,36.2,34.6,33.7,34.6,35.7,35.7,33.0,33.6,34.4,35.9,23,2,-0.25881904510252157,0.9659258262890681
2019-06-08 00:00:00,106.2196,-1.971064,0.0,28.692314,32.2,33.0,33.7,36.0,31.9,32.9,35.4,33.8,33.1,33.8,34.8,35.0,32.4,32.9,33.6,35.1,0,5,0.0,1.0
2019-06-08 01:00:00,104.30902,-0.161448,0.0,28.821404,31.7,32.5,33.1,35.3,31.3,32.2,34.8,33.1,32.4,33.2,34.2,34.5,31.9,32.3,33.0,34.4,1,5,0.25881904510252074,0.9659258262890683
2019-06-08 02:00:00,110.0733,3.432845,0.0,27.296298,30.9,31.9,32.6,34.8,30.6,31.7,34.4,32.7,31.7,32.7,33.8,33.9,30.9,31.6,32.5,33.9,2,5,0.49999999999999994,0.8660254037844387
2019-06-08 03:00:00,111.40248,-3.125263,0.0,26.903528,28.8,30.1,31.4,33.8,28.6,30.1,33.6,31.8,29.8,31.1,32.9,33.3,28.8,30.1,31.7,33.3,3,5,0.7071067811865475,0.7071067811865476
2019-06-08 04:00:00,111.5592,-1.668294,0.0,26.72472,28.3,29.5,30.6,33.0,28.0,29.3,32.7,30.7,29.2,30.3,32.1,32.6,28.4,29.5,30.7,32.5,4,5,0.8660254037844386,0.5000000000000001
2019-06-08 05:00:00,111.42176,-1.7488,0.0,27.148152,28.1,29.1,30.0,32.3,27.9,28.9,32.1,30.3,28.6,29.7,31.4,32.0,28.1,29.0,30.3,31.9,5,5,0.9659258262890683,0.25881904510252074
2019-06-08 06:00:00,108.27448,1.778114,0.0,26.3329,27.7,28.7,29.6,31.9,27.5,28.6,31.7,29.9,28.4,29.4,31.0,31.7,27.7,28.6,29.8,31.4,6,5,1.0,6.123233995736766e-17
2019-06-08 07:00:00,111.41482,33.45383,0.0,26.70662,27.5,28.4,29.3,31.4,27.2,28.3,31.3,29.5,28.0,29.0,30.6,31.1,27.4,28.1,29.3,30.9,7,5,0.9659258262890683,-0.25881904510252063
2019-06-08 08:00:00,110.2381,123.3479,0.0,27.161746,27.6,28.3,29.1,31.0,27.5,28.3,30.9,29.2,28.1,28.9,30.4,30.8,27.4,28.0,29.0,30.4,8,5,0.8660254037844387,-0.4999999999999998
2019-06-08 09:00:00,105.04508,270.86002,0.0,27.446214,28.5,28.8,29.2,30.8,28.5,28.8,30.6,29.2,28.9,29.3,30.0,30.6,28.2,28.3,28.8,30.0,9,5,0.7071067811865476,-0.7071067811865475
2019-06-08 10:00:00,103.8636,95.552616,0.0,28.017194,29.1,29.5,29.7,31.0,29.2,29.6,30.7,29.7,29.5,30.0,30.4,30.6,28.8,28.8,28.9,29.9,10,5,0.49999999999999994,-0.8660254037844387
2019-06-08 11:00:00,102.9753,121.41666,0.0,28.273498,28.6,29.1,29.6,30.9,28.8,29.2,30.7,29.7,29.0,29.6,30.4,30.6,28.4,28.5,29.0,29.9,11,5,0.258819045102521,-0.9659258262890682
2019-06-08 12:00:00,98.370944,287.63616,0.0,29.396044,29.6,29.6,29.7,30.9,29.8,29.7,30.6,29.7,29.7,29.9,30.4,30.6,29.1,28.9,29.0,29.7,12,5,1.2246467991473532e-16,-1.0
2019-06-08 13:00:00,99.836424,223.67306,0.0,29.31195,31.0,30.6,30.5,31.4,31.1,30.7,30.9,30.2,31.1,31.0,30.9,30.9,30.4,29.8,29.3,29.8,13,5,-0.2588190451025208,-0.9659258262890683
2019-06-08 14:00:00,96.604936,355.54268,0.0,29.755124,30.1,30.2,30.4,31.4,30.2,30.3,31.1,30.4,30.8,31.0,31.0,31.0,29.6,29.5,29.5,30.3,14,5,-0.4999999999999997,-0.8660254037844388
2019-06-08 15:00:00,92.0176,371.75444,0.0,30.16218,31.7,31.4,31.1,32.0,31.7,31.5,31.3,30.9,33.0,32.5,31.6,31.4,31.1,30.4,29.8,30.5,15,5,-0.7071067811865471,-0.7071067811865479
2019-06-08 16:00:00,90.223728,328.67016,0.0,30.499916,33.6,32.3,31.7,32.8,33.6,32.5,31.8,31.5,34.9,33.8,32.3,31.8,32.6,31.4,30.4,31.0,16,5,-0.8660254037844384,-0.5000000000000004
2019-06-08 17:00:00,83.824192,214.5633,0.0,30.796014,33.8,33.0,32.4,33.5,33.8,33.2,32.6,32.2,35.4,34.7,33.1,32.4,33.5,32.4,31.1,31.7,17,5,-0.9659258262890683,-0.25881904510252063
2019-06-08 18:00:00,89.60776,71.274184,0.0,30.27337,32.5,32.5,32.3,33.8,32.4,32.8,33.0,32.5,34.2,34.3,33.4,32.7,32.7,32.5,31.5,32.2,18,5,-1.0,-1.8369701987210297e-16
2019-06-08 19:00:00,94.364256,6.733557,0.0,29.444496,31.2,31.4,31.7,33.5,31.2,31.7,32.7,31.9,32.5,33.0,32.9,32.7,31.5,31.6,31.2,32.3,19,5,-0.9659258262890684,0.2588190451025203
2019-06-08 20:00:00,99.242896,-0.950311,0.0,29.263856,29.6,30.3,30.8,32.9,29.7,30.5,32.3,31.1,31.1,31.7,32.3,32.3,30.1,30.5,30.8,32.1,20,5,-0.8660254037844386,0.5000000000000001
2019-06-08 21:00:00,100.4428,-2.265083,0.0,29.008232,29.1,29.8,30.3,32.3,29.1,29.8,31.8,30.4,30.4,30.9,31.6,31.9,29.5,29.8,30.3,31.7,21,5,-0.7071067811865477,0.7071067811865474
2019-06-08 22:00:00,102.24334,-1.961876,0.0,28.982768,28.9,29.4,29.9,32.0,28.8,29.4,31.3,30.1,29.9,30.6,31.2,31.5,29.1,29.6,29.9,31.3,22,5,-0.5000000000000004,0.8660254037844384
2019-06-08 23:00:00,105.49882,-2.295272,0.0,28.931144,28.7,29.2,29.7,31.6,28.6,29.1,31.1,29.7,29.5,30.1,30.8,31.1,28.8,29.1,29.6,30.9,23,5,-0.25881904510252157,0.9659258262890681
2019-07-08 00:00:00,106.37344,-2.001691,0.0,28.918428,28.5,28.9,29.4,31.4,28.4,29.0,30.8,29.6,29.3,29.8,30.6,30.8,28.5,28.8,29.3,30.5,0,0,0.0,1.0
2019-07-08 01:00:00,108.8892,-1.667857,0.0,28.621642,28.3,28.8,29.3,31.1,28.3,28.8,30.6,29.3,29.0,29.6,30.3,30.6,28.4,28.7,29.0,30.2,1,0,0.25881904510252074,0.9659258262890683
2019-07-08 02:00:00,108.88164,-1.910685,0.0,28.343118,28.3,28.7,29.2,30.9,28.1,28.6,30.5,29.1,28.8,29.4,30.1,30.4,28.3,28.5,28.9,30.0,2,0,0.49999999999999994,0.8660254037844387
2019-07-08 03:00:00,105.6326,-0.566161,0.0,28.427578,28.0,28.4,29.0,30.7,28.0,28.5,30.2,29.0,28.6,29.2,30.0,30.3,28.0,28.3,28.7,29.8,3,0,0.7071067811865475,0.7071067811865476
2019-07-08 04:00:00,105.77118,-2.467221,0.0,28.1979,28.0,28.4,28.9,30.6,27.8,28.3,30.1,28.8,28.5,29.0,29.8,30.1,28.0,28.2,28.5,29.6,4,0,0.8660254037844386,0.5000000000000001
2019-07-08 05:00:00,103.25368,-0.70792,0.0,28.472618,27.9,28.3,28.8,30.3,27.7,28.1,29.9,28.7,28.3,28.8,29.6,30.0,27.7,28.0,28.4,29.4,5,0,0.9659258262890683,0.25881904510252074
2019-07-08 06:00:00,103.10702,7.983574,0.0,28.519038,27.7,28.1,28.6,30.2,27.6,28.0,29.8,28.6,28.3,28.8,29.4,29.8,27.7,27.9,28.3,29.2,6,0,1.0,6.123233995736766e-17
2019-07-08 07:00:00,106.37584,15.952272,0.0,28.408456,27.8,28.1,28.5,30.1,27.7,28.1,29.7,28.5,28.3,28.8,29.4,29.6,27.7,27.9,28.1,29.0,7,0,0.9659258262890683,-0.25881904510252063
2019-07-08 08:00:00,103.12624,70.361072,0.0,28.325438,28.0,28.2,28.5,30.0,28.1,28.3,29.6,28.5,28.5,28.8,29.3,29.6,27.8,27.8,28.1,28.8,8,0,0.8660254037844387,-0.4999999999999998
2019-07-08 09:00:00,97.926808,114.69754,0.0,28.691304,28.8,28.6,28.7,30.1,28.9,28.8,29.6,28.5,29.1,29.2,29.4,29.6,28.5,28.2,28.0,28.7,9,0,0.7071067811865476,-0.7071067811865475
2019-07-08 10:00:00,91.736288,352.77972,0.0,29.977184,30.0,29.5,29.3,30.3,30.1,29.6,29.8,29.1,30.2,29.9,29.6,29.7,29.6,28.9,28.4,28.8,10,0,0.49999999999999994,-0.8660254037844387
2019-07-08 11:00:00,81.307304,456.41848,0.0,31.770772,34.0,32.1,31.0,31.3,34.9,32.7,30.6,30.5,34.1,32.7,30.7,30.2,33.6,31.2,29.2,29.1,11,0,0.258819045102521,-0.9659258262890682
2019-07-08 12:00:00,77.594128,596.70008,0.0,32.83083,35.9,34.0,32.7,32.8,36.7,34.9,32.0,32.5,36.4,35.0,32.3,31.3,35.6,33.4,30.6,29.9,12,0,1.2246467991473532e-16,-1.0
2019-07-08 13:00:00,68.957368,842.95856,0.0,34.56198,41.1,37.7,35.1,34.5,42.4,39.0,33.5,34.7,41.1,38.5,34.1,32.4,40.6,36.6,32.2,31.0,13,0,-0.2588190451025208,-0.9659258262890683
2019-07-08 14:00:00,59.729908,440.0182,0.0,35.56388,42.150000000000006,39.35,36.95,36.25,43.0,40.4,35.15,36.7,42.55,40.4,36.0,33.849999999999994,41.900000000000006,38.6,34.25,32.7,14,0,-0.4999999999999997,-0.8660254037844388
2019-07-08 15:00:00,63.735408,380.03944,0.0,35.136856,43.2,41.0,38.8,38.0,43.6,41.8,36.8,38.7,44.0,42.3,37.9,35.3,43.2,40.6,36.3,34.4,15,0,-0.7071067811865471,-0.7071067811865479
2019-07-08 16:00:00,68.321984,193.4075,0.0,33.990776,41.0,39.8,38.4,38.2,41.1,40.4,37.1,38.4,42.2,41.3,38.1,36.0,41.2,39.6,36.4,35.2,16,0,-0.8660254037844384,-0.5000000000000004
2019-07-08 17:00:00,76.489616,138.68282,0.0,32.547676,37.5,37.6,37.2,37.8,37.7,38.0,36.8,37.3,39.1,39.1,37.5,35.9,37.9,37.6,36.0,35.5,17,0,-0.9659258262890683,-0.25881904510252063
2019-07-08 18:00:00,71.119984,69.44444,0.0,32.353756,35.5,35.6,35.6,36.8,35.6,35.9,35.9,35.6,37.0,37.2,36.4,35.5,35.9,35.7,34.9,35.1,18,0,-1.0,-1.8369701987210297e-16
2019-07-08 19:00:00,78.126672,3.209706,0.0,31.794,33.9,34.3,34.6,36.1,34.0,34.5,35.3,34.8,35.3,35.8,35.6,34.9,34.3,34.6,34.2,34.7,19,0,-0.9659258262890684,0.2588190451025203
2019-07-08 20:00:00,84.686608,-1.24258,0.0,31.431634,32.4,33.0,33.5,35.3,32.3,33.2,34.6,33.8,33.6,34.3,34.7,34.4,32.8,33.3,33.3,34.2,20,0,-0.8660254037844386,0.5000000000000001
2019-07-08 21:00:00,93.637448,-2.811118,0.0,30.934966,31.5,32.1,32.7,34.4,31.4,32.1,33.8,32.7,32.5,33.2,33.8,33.7,31.8,32.2,32.5,33.6,21,0,-0.7071067811865477,0.7071067811865474
2019-07-08 22:00:00,98.654808,-2.750301,0.0,30.490498,30.9,31.4,31.9,33.8,30.7,31.4,33.2,32.1,31.7,32.4,33.1,33.2,31.1,31.5,31.9,33.0,22,0,-0.5000000000000004,0.8660254037844384
2019-07-08 23:00:00,93.789144,-0.960374,0.0,30.265786,30.5,31.0,31.5,33.3,30.3,30.9,32.8,31.6,31.2,31.9,32.6,32.7,30.6,31.0,31.4,32.4,23,0,-0.25881904510252157,0.9659258262890681
2019-08-08 00:00:00,90.976064,-0.727609,0.0,30.233376,30.1,30.7,31.1,32.9,29.9,30.5,32.3,31.2,30.7,31.4,32.1,32.3,30.2,30.5,30.9,32.0,0,3,0.0,1.0
2019-08-08 01:00:00,97.623232,-0.899558,0.0,29.760258,29.8,30.3,30.8,32.6,29.6,30.2,32.0,30.8,30.3,31.0,31.8,32.0,29.8,30.1,30.5,31.5,1,3,0.25881904510252074,0.9659258262890683
2019-08-08 02:00:00,102.37074,-2.446657,0.0,29.256796,29.5,30.0,30.5,32.2,29.2,29.8,31.7,30.5,30.0,30.6,31.4,31.7,29.4,29.8,30.2,31.2,2,3,0.49999999999999994,0.8660254037844387
2019-08-08 03:00:00,102.08498,-2.234456,0.0,29.406014,29.3,29.7,30.2,31.8,29.0,29.6,31.4,30.1,29.6,30.3,31.0,31.3,29.1,29.4,30.0,30.9,3,3,0.7071067811865475,0.7071067811865476
2019-08-08 04:00:00,106.95462,-2.507911,0.0,29.168818,29.0,29.6,30.1,31.7,28.7,29.3,31.1,29.9,29.5,30.0,30.8,31.1,29.0,29.2,29.6,30.6,4,3,0.8660254037844386,0.5000000000000001
2019-08-08 05:00:00,106.79268,-2.831681,0.0,28.96701,28.8,29.3,29.8,31.3,28.6,29.1,30.9,29.7,29.1,29.7,30.5,30.9,28.7,28.9,29.4,30.3,5,3,0.9659258262890683,0.25881904510252074
2019-08-08 06:00:00,107.12222,5.901816,0.0,28.954716,28.6,29.1,29.6,31.1,28.5,28.9,30.6,29.5,29.0,29.6,30.4,30.6,28.5,28.7,29.1,30.0,6,3,1.0,6.123233995736766e-17
2019-08-08 07:00:00,104.03944,115.30132,0.0,29.731578,28.9,29.1,29.5,30.9,28.8,29.0,30.5,29.3,29.2,29.6,30.2,30.5,28.7,28.7,29.0,29.7,7,3,0.9659258262890683,-0.25881904510252063
2019-08-08 08:00:00,83.98396,533.0968,0.0,33.37265,30.8,30.2,30.0,31.0,31.6,30.3,30.4,29.7,30.9,30.5,30.3,30.5,30.2,29.4,29.0,29.5,8,3,0.8660254037844387,-0.4999999999999998
2019-08-08 09:00:00,82.63952,411.55348,0.0,33.432552,33.3,32.2,31.5,31.9,34.1,32.8,31.4,31.3,33.2,32.6,31.4,30.9,32.4,31.1,29.7,29.8,9,3,0.7071067811865476,-0.7071067811865475
2019-08-08 10:00:00,76.367456,737.76408,0.0,34.435524,36.3,34.6,33.1,33.0,37.9,35.7,32.5,33.0,36.7,35.1,32.6,31.7,35.3,33.1,30.8,30.4,10,3,0.49999999999999994,-0.8660254037844387
2019-08-08 11:00:00,68.202864,679.89712,0.0,34.623412,40.9,37.7,35.5,35.0,43.2,39.3,34.3,35.6,40.5,37.9,34.2,32.8,38.5,35.2,32.0,31.2,11,3,0.258819045102521,-0.9659258262890682
2019-08-08 12:00:00,55.142896,826.53088,0.0,36.50824,45.4,40.9,37.7,36.4,47.6,42.4,35.5,37.4,44.5,41.1,36.1,34.0,43.0,38.1,33.6,32.4,12,3,1.2246467991473532e-16,-1.0
2019-08-08 13:00:00,62.266488,522.89148,0.0,35.73358,46.9,43.4,40.1,38.4,48.0,44.5,37.3,39.8,46.6,43.8,38.4,35.6,45.1,40.9,35.8,33.8,13,3,-0.2588190451025208,-0.9659258262890683
2019-08-08 14:00:00,63.893656,541.2016,0.0,36.014112,48.7,44.9,41.7,39.9,49.5,45.9,38.7,41.3,48.0,45.4,39.9,36.9,46.6,42.6,37.2,35.3,14,3,-0.4999999999999997,-0.8660254037844388
2019-08-08 15:00:00,60.478352,789.09904,0.0,36.305608,52.4,47.8,43.8,41.4,52.7,48.4,40.1,43.1,50.9,47.8,41.4,38.0,49.8,45.0,38.8,36.6,15,3,-0.7071067811865471,-0.7071067811865479
2019-08-08 16:00:00,61.059488,259.78576,0.0,35.971328,51.1,48.2,45.1,42.9,50.9,48.7,41.5,44.5,50.4,48.5,42.8,39.2,49.0,45.9,40.4,38.0,16,3,-0.8660254037844384,-0.5000000000000004
2019-08-08 17:00:00,64.746416,422.929,0.0,35.906244,49.3,46.6,44.3,42.9,48.9,46.8,41.8,43.9,48.6,47.0,42.8,39.7,47.4,44.8,40.6,38.8,17,3,-0.9659258262890683,-0.25881904510252063
2019-08-08 18:00:00,66.695352,213.68736,0.0,35.376204,47.5,45.6,43.7,42.8,46.7,45.5,41.6,43.1,46.7,45.8,42.4,39.8,46.0,44.0,40.6,39.3,18,3,-1.0,-1.8369701987210297e-16
2019-08-08 19:00:00,82.597912,37.846172,0.0,32.839276,43.6,43.2,42.4,42.3,43.5,43.3,41.3,42.1,43.7,43.6,41.7,39.6,42.8,42.2,40.0,39.4,19,3,-0.9659258262890684,0.2588190451025203
2019-08-08 20:00:00,79.622592,-1.819242,0.0,33.40139,39.1,39.8,40.1,41.1,39.0,40.0,40.3,40.2,40.1,40.8,40.3,39.1,39.0,39.6,38.9,39.3,20,3,-0.8660254037844386,0.5000000000000001
2019-08-08 21:00:00,90.50196,-0.071317,0.0,31.299046,36.8,37.6,38.1,39.8,36.6,37.7,38.9,38.3,37.9,38.7,39.0,38.1,37.0,37.6,37.5,38.4,21,3,-0.7071067811865477,0.7071067811865474
2019-08-08 22:00:00,95.568136,-0.919684,0.0,30.681242,35.1,36.0,36.7,38.5,34.8,35.9,37.9,36.8,36.2,37.0,37.7,37.2,35.4,36.0,36.4,37.5,22,3,-0.5000000000000004,0.8660254037844384
2019-08-08 23:00:00,100.87434,-0.475155,0.0,29.910182,34.1,34.9,35.6,37.7,33.7,34.7,36.9,35.5,34.9,35.7,36.6,36.5,34.3,34.9,35.4,36.6,23,3,-0.25881904510252157,0.9659258262890681
2019-09-08 00:00:00,97.920008,-1.32396,0.0,29.937618,33.2,34.0,34.8,36.7,32.8,33.8,36.1,34.6,34.0,34.8,35.7,35.8,33.4,33.9,34.6,35.9,0,6,0.0,1.0
2019-09-08 01:00:00,91.99404,-0.929747,0.0,30.169376,32.6,33.3,34.0,36.1,32.2,33.1,35.4,33.9,33.3,34.1,35.0,35.1,32.7,33.3,33.8,35.2,1,6,0.25881904510252074,0.9659258262890683
2019-09-08 02:00:00,89.058248,-0.97,0.0,30.01293,32.0,32.7,33.4,35.4,31.5,32.5,34.8,33.3,32.7,33.5,34.5,34.6,32.1,32.6,33.2,34.5,2,6,0.49999999999999994,0.8660254037844387
2019-09-08 03:00:00,91.70776,-0.333396,0.0,29.7115,31.7,32.3,32.9,34.8,31.1,31.9,34.3,32.7,32.2,32.9,33.8,34.1,31.7,32.1,32.7,34.0,3,6,0.7071067811865475,0.7071067811865476
2019-09-08 04:00:00,90.965984,-0.647541,0.0,29.623706,31.3,31.9,32.5,34.4,30.9,31.7,33.8,32.3,31.9,32.6,33.5,33.8,31.2,31.7,32.2,33.5,4,6,0.8660254037844386,0.5000000000000001
2019-09-08 05:00:00,96.43312,-0.727609,0.0,29.133018,30.9,31.5,32.1,34.0,30.5,31.1,33.5,32.0,31.4,32.1,33.1,33.3,30.8,31.3,31.8,33.0,5,6,0.9659258262890683,0.25881904510252074
2019-09-08 06:00:00,97.895408,-1.576851,0.0,28.889858,30.6,31.2,31.8,33.6,30.1,30.9,33.1,31.5,31.0,31.7,32.7,33.0,30.6,30.9,31.5,32.7,6,6,1.0,6.123233995736766e-17
2019-09-08 07:00:00,104.86896,3.493224,0.0,27.845486,29.8,30.5,31.4,33.2,29.3,30.3,32.8,31.2,30.3,31.1,32.3,32.7,29.8,30.4,31.1,32.3,7,6,0.9659258262890683,-0.25881904510252063
2019-09-08 08:00:00,105.61362,22.753644,0.0,26.897026,28.3,29.5,30.5,32.6,28.0,29.3,32.3,30.6,29.0,30.1,31.8,32.3,28.6,29.6,30.6,31.9,8,6,0.8660254037844387,-0.4999999999999998
2019-09-08 09:00:00,105.05424,213.97132,0.0,27.20337,28.0,29.0,29.9,31.9,27.7,28.6,31.5,29.8,28.5,29.6,31.2,31.7,28.2,29.0,30.0,31.3,9,6,0.7071067811865476,-0.7071067811865475
2019-09-08 10:00:00,99.996936,336.20048,0.0,28.342596,29.6,29.6,30.0,31.6,29.4,29.4,31.2,29.8,29.6,30.0,30.9,31.5,29.4,29.3,29.6,30.6,10,6,0.49999999999999994,-0.8660254037844387
2019-09-08 11:00:00,80.233696,764.04664,0.0,31.274444,33.5,31.8,31.1,32.0,33.8,31.7,31.4,30.5,33.1,31.9,31.4,31.7,32.2,30.6,30.0,30.6,11,6,0.258819045102521,-0.9659258262890682
2019-09-08 12:00:00,71.625144,898.31192,0.0,33.621792,39.3,36.1,34.0,33.7,39.9,36.4,32.9,33.2,38.7,36.4,33.2,32.6,37.3,33.9,31.3,31.3,12,6,1.2246467991473532e-16,-1.0
2019-09-08 13:00:00,72.197848,453.2416,0.0,33.480442,45.8,41.8,38.5,36.7,46.1,42.2,35.5,37.2,45.1,41.8,36.3,34.3,43.7,39.0,33.9,32.7,13,6,-0.2588190451025208,-0.9659258262890683
2019-09-08 14:00:00,77.695408,822.49208,0.0,33.011132,43.6,41.4,39.2,38.2,43.8,41.9,37.1,38.6,44.1,42.2,38.1,35.9,42.4,39.6,35.6,34.4,14,6,-0.4999999999999997,-0.8660254037844388
2019-09-08 15:00:00,69.395256,639.69196,0.0,34.54162,44.3,42.5,40.3,39.0,44.3,42.9,37.9,39.5,44.5,43.2,39.0,36.7,43.1,40.8,36.7,35.6,15,6,-0.7071067811865471,-0.7071067811865479
2019-09-08 16:00:00,67.150144,482.36784,0.0,34.939024,48.7,44.6,41.5,40.1,47.7,44.3,38.7,40.3,47.0,44.5,40.0,37.4,46.0,42.2,37.7,36.4,16,6,-0.8660254037844384,-0.5000000000000004
2019-09-08 17:00:00,67.139368,243.63966,0.0,34.960768,46.1,44.4,42.6,41.1,44.9,43.9,39.8,41.5,45.3,44.5,40.8,38.2,44.3,42.5,38.9,37.6,17,6,-0.9659258262890683,-0.25881904510252063
2019-09-08 18:00:00,73.233544,89.46792,0.0,33.566928,43.5,43.0,41.7,41.1,42.4,42.3,39.8,40.8,43.0,42.9,40.6,38.5,42.3,41.4,38.8,38.1,18,6,-1.0,-1.8369701987210297e-16
2019-09-08 19:00:00,79.327296,7.443664,0.0,32.772114,39.7,39.9,39.7,40.1,38.8,39.3,39.0,39.1,39.4,40.0,39.4,38.2,39.0,39.0,38.0,38.1,19,6,-0.9659258262890684,0.2588190451025203
2019-09-08 20:00:00,82.903592,-2.062069,0.0,31.758536,36.2,37.1,37.6,38.9,35.6,36.7,38.0,37.3,36.9,37.6,38.0,37.4,36.2,36.9,36.9,37.7,20,6,-0.8660254037844386,0.5000000000000001
2019-09-08 21:00:00,88.585128,-1.940437,0.0,31.28416,34.5,35.4,36.1,37.8,34.0,35.0,37.0,35.9,35.2,36.1,36.9,36.5,34.6,35.4,35.6,36.8,21,6,-0.7071067811865477,0.7071067811865474
2019-09-08 22:00:00,88.730136,-1.172138,0.0,30.953216,33.6,34.3,35.0,36.9,33.1,34.0,36.1,34.7,34.2,35.0,35.7,35.9,33.7,34.3,34.7,35.9,22,6,-0.5000000000000004,0.8660254037844384
2019-09-08 23:00:00,79.905824,-1.718173,0.0,31.069602,33.0,33.7,34.3,36.1,32.3,33.1,35.3,33.8,33.5,34.2,35.1,35.2,33.0,33.4,34.0,35.2,23,6,-0.25881904510252157,0.9659258262890681
2019-10-08 00:00:00,81.546368,-1.435529,0.0,30.543482,32.2,33.0,33.7,35.5,31.7,32.6,34.8,33.2,32.7,33.6,34.5,34.7,32.2,32.8,33.3,34.6,0,1,0.0,1.0
2019-10-08 01:00:00,87.520424,-1.141948,0.0,29.841286,31.7,32.4,33.0,34.9,31.0,31.9,34.3,32.7,32.1,32.9,33.9,34.1,31.6,32.2,32.8,34.0,1,1,0.25881904510252074,0.9659258262890683
2019-10-08 02:00:00,86.635432,-2.072133,0.0,29.823364,31.2,31.9,32.6,34.4,30.6,31.5,33.8,32.3,31.7,32.5,33.5,33.8,31.1,31.7,32.2,33.5,2,1,0.49999999999999994,0.8660254037844387
2019-10-08 03:00:00,89.007048,-1.303396,0.0,29.409578,30.6,31.4,32.1,34.0,30.1,30.9,33.4,31.7,31.1,31.9,33.0,33.3,30.5,31.2,31.8,33.0,3,1,0.7071067811865475,0.7071067811865476
2019-10-08 04:00:00,89.904288,-2.082633,0.0,29.134424,30.1,30.9,31.6,33.4,29.5,30.4,32.9,31.2,30.5,31.3,32.5,32.9,30.1,30.6,31.4,32.6,4,1,0.8660254037844386,0.5000000000000001
2019-10-08 05:00:00,90.791648,-1.425029,0.0,28.910094,29.6,30.4,31.1,33.0,29.0,30.0,32.5,30.9,30.1,30.9,32.2,32.5,29.6,30.2,30.9,32.2,5,1,0.9659258262890683,0.25881904510252074
2019-10-08 06:00:00,91.2542,11.698624,0.0,28.840888,29.3,30.0,30.7,32.6,28.8,29.6,32.1,30.4,29.8,30.5,31.7,32.2,29.2,29.8,30.5,31.8,6,1,1.0,6.123233995736766e-17
2019-10-08 07:00:00,89.475552,99.672376,0.0,29.401994,29.3,29.8,30.5,32.2,28.8,29.5,31.8,30.2,29.6,30.4,31.4,31.9,29.1,29.6,30.2,31.3,7,1,0.9659258262890683,-0.25881904510252063
2019-10-08 08:00:00,86.08828,326.4462,0.0,30.524838,29.5,30.0,30.5,32.0,29.3,29.6,31.5,30.1,29.9,30.4,31.2,31.7,29.3,29.5,30.1,31.1,8,1,0.8660254037844387,-0.4999999999999998
2019-10-08 09:00:00,80.695256,383.9232,0.0,31.572998,33.0,31.7,31.2,32.3,35.1,32.6,31.7,30.9,33.3,32.2,31.6,31.7,32.5,30.9,30.0,30.6,9,1,0.7071067811865476,-0.7071067811865475
2019-10-08 10:00:00,78.303576,819.94368,0.0,32.135888,35.7,34.3,33.2,33.6,37.6,35.7,33.1,33.4,36.6,35.4,33.2,32.4,34.8,33.0,31.2,31.2,10,1,0.49999999999999994,-0.8660254037844387
2019-10-08 11:00:00,76.816984,908.1804,0.0,32.987602,39.4,37.2,35.3,35.1,41.9,39.2,34.6,35.6,40.4,38.5,35.1,33.5,37.6,35.0,32.4,32.1,11,1,0.258819045102521,-0.9659258262890682
2019-10-08 12:00:00,72.805472,645.07268,0.0,33.6945,42.4,40.1,37.9,37.0,44.6,41.9,36.4,38.0,43.1,41.1,36.9,34.8,40.7,37.8,34.1,33.3,12,1,1.2246467991473532e-16,-1.0
2019-10-08 13:00:00,67.746784,943.84656,0.0,34.479464,47.3,43.1,39.9,38.5,49.3,44.8,37.8,39.8,46.8,43.6,38.6,36.0,44.7,40.2,35.6,34.4,13,1,-0.2588190451025208,-0.9659258262890683
2019-10-08 14:00:00,67.284344,864.87656,0.0,34.541912,50.4,46.1,42.7,40.6,51.3,47.3,39.5,42.2,49.3,46.3,40.5,37.5,47.4,42.9,37.6,35.9,14,1,-0.4999999999999997,-0.8660254037844388
2019-10-08 15:00:00,64.1773,703.01848,0.0,34.83122,51.4,47.4,44.1,42.1,51.6,48.3,41.0,43.7,50.5,47.8,42.2,38.8,48.5,44.4,39.2,37.4,15,1,-0.7071067811865471,-0.7071067811865479
2019-10-08 16:00:00,61.828968,516.93408,0.0,35.061832,51.9,48.2,45.1,43.1,51.4,48.5,41.9,44.4,50.7,48.4,43.2,39.8,49.0,45.3,40.4,38.6,16,1,-0.8660254037844384,-0.5000000000000004
2019-10-08 17:00:00,64.463708,316.77204,0.0,34.990404,50.4,47.8,45.3,43.7,49.5,47.5,42.4,44.4,49.3,47.8,43.5,40.4,47.8,45.2,40.9,39.5,17,1,-0.9659258262890683,-0.25881904510252063
2019-10-08 18:00:00,74.395696,37.787544,0.0,33.009986,45.2,45.0,44.0,43.3,44.4,44.6,42.3,43.4,45.2,45.3,42.9,40.6,43.8,43.2,40.9,40.2,18,1,-1.0,-1.8369701987210297e-16
2019-10-08 19:00:00,78.150832,3.310337,0.0,32.19489,40.0,40.9,41.1,42.0,39.8,40.9,41.0,41.0,41.1,41.9,41.4,40.0,39.8,40.3,39.6,40.0,19,1,-0.9659258262890684,0.2588190451025203
2019-10-08 20:00:00,85.149784,-3.225457,0.0,31.846482,37.3,38.3,38.9,40.5,37.1,38.1,39.7,38.8,38.5,39.4,39.8,39.0,37.4,38.2,38.2,39.1,20,1,-0.8660254037844386,0.5000000000000001
2019-10-08 21:00:00,84.697656,-3.448596,0.0,31.338268,35.5,36.6,37.3,39.2,35.0,36.2,38.6,37.2,36.5,37.6,38.4,38.1,35.7,36.6,36.9,38.2,21,1,-0.7071067811865477,0.7071067811865474
2019-10-08 22:00:00,95.853448,-2.770865,0.0,30.39153,34.3,35.3,36.1,38.1,33.8,34.9,37.4,36.0,35.1,36.1,37.2,37.2,34.4,35.2,35.9,37.3,22,1,-0.5000000000000004,0.8660254037844384
2019-10-08 23:00:00,100.42064,-3.053946,0.0,30.104526,33.2,34.2,35.0,37.2,32.7,33.8,36.5,34.9,34.1,35.1,36.2,36.5,33.4,34.3,35.0,36.4,23,1,-0.25881904510252157,0.9659258262890681
2019-11-08 00:00:00,100.73298,-3.094198,0.0,29.818002,32.6,33.5,34.3,36.5,31.9,33.0,35.9,34.1,33.3,34.3,35.5,35.7,32.7,33.5,34.2,35.6,0,4,0.0,1.0
2019-11-08 01:00:00,101.3325,-2.668921,0.0,29.608376,32.2,33.0,33.8,35.7,31.5,32.4,35.1,33.3,32.8,33.7,34.8,35.1,32.3,32.8,33.5,34.9,1,4,0.25881904510252074,0.9659258262890683
2019-11-08 02:00:00,99.978224,-2.780928,0.0,29.65127,31.6,32.4,33.2,35.3,30.9,31.9,34.6,32.9,32.2,33.0,34.3,34.7,31.7,32.3,33.1,34.4,2,4,0.49999999999999994,0.8660254037844387
2019-11-08 03:00:00,103.411,-3.003192,0.0,29.030856,31.0,31.9,32.7,34.7,30.5,31.4,34.1,32.4,31.6,32.5,33.7,34.2,31.2,31.7,32.6,33.8,3,4,0.7071067811865475,0.7071067811865476
2019-11-08 04:00:00,105.1694,-2.780928,0.0,28.678748,30.6,31.4,32.2,34.2,30.0,30.9,33.6,31.9,31.1,32.0,33.2,33.8,30.7,31.3,32.1,33.4,4,4,0.8660254037844386,0.5000000000000001
2019-11-08 05:00:00,105.76118,-2.821181,0.0,28.647694,30.3,31.0,31.7,33.8,29.7,30.6,33.2,31.5,30.8,31.6,32.9,33.5,30.3,30.9,31.7,33.0,5,4,0.9659258262890683,0.25881904510252074
2019-11-08 06:00:00,107.10908,7.000011,0.0,28.397248,30.0,30.8,31.5,33.4,29.3,30.2,32.9,31.1,30.4,31.3,32.5,33.0,29.9,30.6,31.4,32.6,6,4,1.0,6.123233995736766e-17
2019-11-08 07:00:00,104.89122,141.58012,0.0,28.726276,29.8,30.4,31.1,33.0,29.3,30.1,32.5,30.8,30.3,31.1,32.2,32.8,29.8,30.3,31.0,32.2,7,4,0.9659258262890683,-0.25881904510252063
2019-11-08 08:00:00,92.753168,431.836,0.0,30.618412,30.5,30.7,31.1,32.8,30.4,30.4,32.2,30.8,30.9,31.2,32.0,32.5,30.2,30.4,30.7,31.7,8,4,0.8660254037844387,-0.4999999999999998
2019-11-08 09:00:00,83.525544,372.34552,0.0,32.879464,34.1,33.0,32.4,33.4,36.1,33.9,32.7,32.1,34.5,33.3,32.6,32.5,33.5,31.9,30.9,31.5,9,4,0.7071067811865476,-0.7071067811865475
2019-11-08 10:00:00,77.118328,643.76756,0.0,33.456254,37.2,35.2,33.9,34.4,40.6,36.9,33.8,34.0,38.2,36.3,34.0,33.3,36.6,33.8,32.0,32.1,10,4,0.49999999999999994,-0.8660254037844387
2019-11-08 11:00:00,72.79356,926.6944,0.0,34.28858,41.9,38.9,36.6,36.1,44.8,41.3,35.6,36.8,42.3,39.9,36.0,34.5,40.0,36.4,33.4,33.0,11,4,0.258819045102521,-0.9659258262890682
2019-11-08 12:00:00,67.732216,766.37232,0.0,34.711664,45.1,41.4,39.0,38.0,47.3,43.0,37.2,39.0,44.8,42.0,37.8,35.7,42.7,38.7,34.9,34.2,12,4,1.2246467991473532e-16,-1.0
2019-11-08 13:00:00,65.51468,855.62448,0.0,34.967744,48.9,45.3,41.8,40.1,50.7,46.6,38.9,41.4,48.2,45.4,39.9,37.1,46.5,41.9,36.7,35.5,13,4,-0.2588190451025208,-0.9659258262890683
2019-11-08 14:00:00,67.1174,890.00352,0.0,35.201996,50.3,46.8,43.6,41.7,50.8,47.6,40.5,43.1,49.5,46.9,41.5,38.5,47.5,43.5,38.6,37.0,14,4,-0.4999999999999997,-0.8660254037844388
2019-11-08 15:00:00,62.425996,310.84222,0.0,35.49156,53.9,49.5,45.6,43.3,54.0,50.1,41.9,44.7,52.3,49.3,43.1,39.7,50.7,45.9,40.2,38.4,15,4,-0.7071067811865471,-0.7071067811865479
2019-11-08 16:00:00,64.169144,402.09152,0.0,35.064288,54.9,50.6,46.9,44.5,54.3,50.8,43.0,45.8,53.2,50.2,44.3,40.7,51.4,46.9,41.4,39.6,16,4,-0.8660254037844384,-0.5000000000000004
2019-11-08 17:00:00,68.155968,230.80084,0.0,35.100704,48.2,47.5,46.0,44.8,47.9,47.7,43.6,45.6,48.4,47.9,44.6,41.6,46.3,45.1,42.1,40.9,17,4,-0.9659258262890683,-0.25881904510252063
2019-11-08 18:00:00,70.39728,80.530968,0.0,34.232852,44.9,44.6,43.9,43.9,44.6,44.8,42.8,43.6,45.3,45.3,43.4,41.3,43.6,43.1,41.0,40.8,18,4,-1.0,-1.8369701987210297e-16
2019-11-08 19:00:00,85.007448,6.057575,0.0,32.898574,40.9,41.6,41.7,42.7,40.7,41.6,41.8,41.7,42.0,42.5,41.9,40.7,40.4,40.8,40.0,40.5,19,4,-0.9659258262890684,0.2588190451025203
2019-11-08 20:00:00,90.371464,-1.162075,0.0,31.294694,37.9,38.9,39.6,41.2,37.7,38.9,40.6,39.8,39.2,40.1,40.6,39.9,37.8,38.7,38.8,39.8,20,4,-0.8660254037844386,0.5000000000000001
2019-11-08 21:00:00,92.443656,-3.883936,0.0,31.062078,36.0,37.1,37.9,39.9,35.6,36.9,39.3,38.0,37.2,38.2,39.2,38.9,36.1,37.1,37.5,38.8,21,4,-0.7071067811865477,0.7071067811865474
2019-11-08 22:00:00,92.164208,0.535097,0.0,30.59323,34.8,35.9,36.7,38.8,34.4,35.6,38.2,36.6,35.9,36.9,38.0,38.0,35.0,35.8,36.4,37.9,22,4,-0.5000000000000004,0.8660254037844384
2019-11-08 23:00:00,84.255648,-0.535534,0.0,30.023948,33.9,34.9,35.8,38.0,33.4,34.5,37.3,35.6,34.8,35.9,37.1,37.2,34.0,34.9,35.5,36.9,23,4,-0.25881904510252157,0.9659258262890681
2019-12-08 00:00:00,89.302328,-0.34346,0.0,29.581988,33.3,34.2,35.0,37.1,32.8,33.8,36.6,34.8,34.2,35.1,36.2,36.4,33.5,34.2,34.8,36.2,0,6,0.0,1.0
2019-12-08 01:00:00,99.23492,-2.821181,0.0,29.652286,32.6,33.5,34.4,36.5,32.1,33.0,35.8,34.2,33.4,34.3,35.6,35.9,32.7,33.4,34.2,35.6,1,6,0.25881904510252074,0.9659258262890683
2019-12-08 02:00:00,105.18906,-2.254582,0.0,29.005224,32.1,33.0,33.8,35.9,31.6,32.5,35.3,33.6,32.9,33.8,35.1,35.4,32.2,32.9,33.6,35.0,2,6,0.49999999999999994,0.8660254037844387
2019-12-08 03:00:00,104.73364,-0.192075,0.0,28.802248,31.7,32.5,33.3,35.4,31.2,32.1,34.8,33.0,32.5,33.3,34.5,34.9,31.8,32.5,33.1,34.4,3,6,0.7071067811865475,0.7071067811865476
2019-12-08 04:00:00,104.00006,-2.376652,0.0,28.3996,31.4,32.2,33.0,34.9,30.9,31.7,34.3,32.6,32.1,32.9,34.0,34.5,31.5,32.0,32.7,34.0,4,6,0.8660254037844386,0.5000000000000001
2019-12-08 05:00:00,107.97754,-2.193766,0.0,27.73189,30.9,31.7,32.5,34.5,30.3,31.2,34.0,32.2,31.6,32.4,33.7,34.1,30.9,31.6,32.3,33.6,5,6,0.9659258262890683,0.25881904510252074
2019-12-08 06:00:00,108.99082,4.91519,0.0,27.488928,30.4,31.2,32.0,34.0,29.8,30.7,33.5,31.8,31.1,31.9,33.2,33.8,30.5,31.0,31.9,33.2,6,6,1.0,6.123233995736766e-17
2019-12-08 07:00:00,106.5255,26.514636,0.0,27.820322,30.4,30.9,31.7,33.6,29.8,30.6,33.1,31.5,30.9,31.7,32.8,33.4,30.4,30.9,31.6,32.7,7,6,0.9659258262890683,-0.25881904510252063
2019-12-08 08:00:00,106.96352,21.099788,0.0,27.787412,30.4,30.9,31.6,33.3,29.8,30.5,32.8,31.2,30.9,31.6,32.6,33.1,30.4,30.6,31.3,32.4,8,6,0.8660254037844387,-0.4999999999999998
2019-12-08 09:00:00,107.9785,4.521852,0.0,27.788622,30.3,30.8,31.4,33.2,29.8,30.5,32.7,31.1,30.9,31.5,32.5,33.0,30.2,30.6,31.1,32.0,9,6,0.7071067811865476,-0.7071067811865475
2019-12-08 10:00:00,108.89386,106.3412,0.0,27.973532,29.4,30.3,31.1,32.9,29.1,30.0,32.5,30.9,30.1,31.0,32.2,32.7,29.5,30.2,30.9,31.9,10,6,0.49999999999999994,-0.8660254037844387
2019-12-08 11:00:00,104.09994,219.48636,0.0,28.765376,30.2,30.5,30.9,32.5,29.9,30.2,32.0,30.6,30.6,31.0,31.9,32.4,30.0,30.1,30.6,31.5,11,6,0.258819045102521,-0.9659258262890682
2019-12-08 12:00:00,100.63148,251.13014,0.0,29.261602,30.9,30.9,31.1,32.5,30.7,30.9,32.1,30.9,31.2,31.6,32.0,32.4,30.6,30.4,30.6,31.3,12,6,1.2246467991473532e-16,-1.0
2019-12-08 13:00:00,90.392208,713.28152,0.0,31.20676,31.6,31.3,31.4,32.6,31.8,31.4,32.2,31.2,31.9,31.9,32.2,32.3,31.4,30.9,30.6,31.2,13,6,-0.2588190451025208,-0.9659258262890683
2019-12-08 14:00:00,90.827384,261.15914,0.0,31.625084,35.1,34.0,33.2,33.5,35.3,34.1,32.9,32.7,35.9,34.8,33.2,32.7,34.6,33.0,31.4,31.6,14,6,-0.4999999999999997,-0.8660254037844388
2019-12-08 15:00:00,90.082376,214.32136,0.0,31.657504,34.9,34.0,33.5,34.2,34.8,34.0,33.2,33.1,36.5,35.6,34.1,33.6,33.9,33.0,32.1,32.4,15,6,-0.7071067811865471,-0.7071067811865479
2019-12-08 16:00:00,91.121032,147.17918,0.0,31.453096,34.8,34.0,33.5,34.5,34.7,34.1,33.4,33.2,36.4,35.8,34.6,34.0,34.0,33.1,32.2,33.0,16,6,-0.8660254037844384,-0.5000000000000004
2019-12-08 17:00:00,89.822248,99.2226,0.0,31.632412,33.6,33.4,33.3,34.8,33.8,33.8,33.7,33.3,35.5,35.4,34.7,34.3,33.5,33.1,32.5,33.4,17,6,-0.9659258262890683,-0.25881904510252063
2019-12-08 18:00:00,92.297968,49.61174,0.0,31.356686,33.0,33.0,33.0,34.6,33.1,33.3,33.7,33.2,34.6,34.8,34.5,34.3,33.0,32.9,32.6,33.6,18,6,-1.0,-1.8369701987210297e-16
2019-12-08 19:00:00,95.275064,0.030189,0.0,30.748032,31.9,32.3,32.7,34.3,31.9,32.4,33.5,32.8,33.5,34.0,34.2,34.0,32.1,32.3,32.3,33.5,19,6,-0.9659258262890684,0.2588190451025203
2019-12-08 20:00:00,92.876776,-2.487347,0.0,30.230366,31.0,31.5,32.0,33.8,30.8,31.5,33.1,32.1,32.4,33.0,33.5,33.7,31.2,31.6,31.9,33.1,20,6,-0.8660254037844386,0.5000000000000001
2019-12-08 21:00:00,95.70516,-3.124825,0.0,29.928264,30.4,30.9,31.5,33.5,30.3,30.9,32.7,31.7,31.6,32.3,33.1,33.3,30.6,31.1,31.4,32.7,21,6,-0.7071067811865477,0.7071067811865474
2019-12-08 22:00:00,96.73336,-3.175578,0.0,29.814664,29.9,30.5,31.1,33.0,29.8,30.5,32.5,31.2,31.1,31.8,32.5,32.9,30.2,30.7,31.1,32.4,22,6,-0.5000000000000004,0.8660254037844384
2019-12-08 23:00:00,99.081408,-3.00363,0.0,29.510056,29.6,30.2,30.8,32.7,29.4,30.1,32.1,30.9,30.5,31.1,32.2,32.6,29.8,30.3,30.7,31.9,23,6,-0.25881904510252157,0.9659258262890681
